

UPDATE ONEASSIST.OA_PARTNER_EVENT_MST SET CONNECTION_DETAIL ='https://cdn.1atesting.in/serviceplatform/api/shipments?shipmentId=' WHERE EVENT_NAME='Shipmentid';
UPDATE ONEASSIST.OA_PARTNER_EVENT_MST SET CONNECTION_DETAIL ='https://cdn.1atesting.in/serviceplatform/api/shipments' WHERE EVENT_NAME='UpdateAwbNumShipmentDtl';
UPDATE OA_PARTNER_EVENT_MST SET CONNECTION_DETAIL ='https://cdn.1atesting.in/serviceplatform/api/servicerequest/documents' WHERE EVENT_NAME='UpdateMongoReferShipmentDtl';

UPDATE ONEASSIST.OA_PARTNER_EVENT_MST SET CONNECTION_DETAIL ='https://cdn.1atesting.in/serviceplatform/api/shipments/updateBulkShipmentStatus' WHERE EVENT_NAME='TrackStatusUpdate';
UPDATE ONEASSIST.OA_PARTNER_EVENT_MST SET CONNECTION_DETAIL ='https://cdn.1atesting.in/serviceplatform/api/shipments' WHERE EVENT_NAME='RaiseShipment';
UPDATE ONEASSIST.OA_PARTNER_EVENT_MST SET CONNECTION_DETAIL ='https://cdn.1atesting.in/serviceplatform/api/shipments/' WHERE EVENT_NAME='CloseClaim';
UPDATE ONEASSIST.OA_PARTNER_EVENT_MST SET CONNECTION_DETAIL ='https://cdn.1atesting.in/serviceplatform/api/shipments' WHERE EVENT_NAME='UpdateShipmentDtl';

UPDATE ONEASSIST.OA_SYSTEM_CONFIG SET PARAM_VALUE='https://cdn.1atesting.in/serviceplatform/api/shipments/updateBulkShipmentStatus' WHERE PARAM_NAME='SHIPMENT_STATUS_URL';


ALTER TABLE oa_comm_template MODIFY SMS_TEMPLATE_TEXT VARCHAR2(1000);

Insert into ONEASSIST.OA_COMM_EVENT_MST (COMM_EVENT_ID,EVENT_CODE,EVENT_DESC,MODULE_NAME,PRIORITY,QUIET_TIME_FROM,QUIET_TIME_TO,STATUS,CREATED_BY,CREATED_DATE,MODIFIED_BY,MODIFIED_DATE) values (25,'WHC_TECHNICIAN_ASSIGNED_FOR_INSPECTION','Technician assigned for Inspection','WHC','M',null,null,'A','admin@oneassist.in',to_timestamp('17-OCT-17 11.20.21.616000000 AM','DD-MON-RR HH.MI.SSXFF AM'),null,to_timestamp('17-OCT-17 11.21.24.464449000 AM','DD-MON-RR HH.MI.SSXFF AM'));
Insert into ONEASSIST.OA_COMM_EVENT_MST (COMM_EVENT_ID,EVENT_CODE,EVENT_DESC,MODULE_NAME,PRIORITY,QUIET_TIME_FROM,QUIET_TIME_TO,STATUS,CREATED_BY,CREATED_DATE,MODIFIED_BY,MODIFIED_DATE) values (29,'WHC_INSPECTION_SUCCESSFULLY_SCHEDULED','Thank you for scheduling an inspection visit for your appliance(s). You are now just one step away from activating your membership. Here are the Inspection visit details:
','WHC','M',null,null,'A','admin@oneassist.in',to_timestamp('24-OCT-17 08.53.36.646000000 AM','DD-MON-RR HH.MI.SSXFF AM'),null,to_timestamp('24-OCT-17 08.53.42.634000000 AM','DD-MON-RR HH.MI.SSXFF AM'));
Insert into ONEASSIST.OA_COMM_EVENT_MST (COMM_EVENT_ID,EVENT_CODE,EVENT_DESC,MODULE_NAME,PRIORITY,QUIET_TIME_FROM,QUIET_TIME_TO,STATUS,CREATED_BY,CREATED_DATE,MODIFIED_BY,MODIFIED_DATE) values (26,'WHC_OTHER_TECHNICIAN_ASSIGNED_FOR_INSPECTION','Other  Technician assigned for Inspection','WHC','M',null,null,'A','admin@oneassist.in',to_timestamp('17-OCT-17 12.46.54.562000000 PM','DD-MON-RR HH.MI.SSXFF AM'),null,to_timestamp('17-OCT-17 12.47.06.299000000 PM','DD-MON-RR HH.MI.SSXFF AM'));
Insert into ONEASSIST.OA_COMM_EVENT_MST (COMM_EVENT_ID,EVENT_CODE,EVENT_DESC,MODULE_NAME,PRIORITY,QUIET_TIME_FROM,QUIET_TIME_TO,STATUS,CREATED_BY,CREATED_DATE,MODIFIED_BY,MODIFIED_DATE) values (27,'WHC_TECHNICIAN_CANCELLED_FOR_INSPECTION','Technician cancelled  for the inspection visit','WHC','M',null,null,'A','admin@oneassist.in',to_timestamp('17-OCT-17 01.09.44.043000000 PM','DD-MON-RR HH.MI.SSXFF AM'),null,to_timestamp('17-OCT-17 01.14.29.304191000 PM','DD-MON-RR HH.MI.SSXFF AM'));
Insert into ONEASSIST.OA_COMM_EVENT_MST (COMM_EVENT_ID,EVENT_CODE,EVENT_DESC,MODULE_NAME,PRIORITY,QUIET_TIME_FROM,QUIET_TIME_TO,STATUS,CREATED_BY,CREATED_DATE,MODIFIED_BY,MODIFIED_DATE) values (28,'WHC_CUSTOMER _NOT_SCHEDULE_FOR_INSPECTION','Customer not scheduled  for Inspection within 30 days','WHC','M',null,null,'A','admin@oneassist.in',to_timestamp('17-OCT-17 01.14.04.092000000 PM','DD-MON-RR HH.MI.SSXFF AM'),null,to_timestamp('17-OCT-17 01.14.29.354910000 PM','DD-MON-RR HH.MI.SSXFF AM'));

Insert into ONEASSIST.OA_COMM_TEMPLATE (COMM_TEMP_ID,COMM_MODE,TEMPLATE_NAME,SUBJECT,TEMPLATE_TEXT,COMMENTS,SENDER_EMAILID,SENDER_EMAIL_SIGNATURE,SENDER_MOB_NO,MOBILE_MASK,CREATED_BY,CREATED_DATE,MODIFIED_BY,MODIFIED_DATE,SMS_TEMPLATE_TEXT,COMM_STATUS,SENDER_PROVIDER,TEMPLATE_PROVIDER,TEMPLATE_REF_ID) values (78,'email','WHC_Technician Assigned For Inspection','OneAssist Expert assigned for inspection visit','WHC_1_Technician_Assigned_For_Inspection.vm',null,null,null,null,null,null,to_timestamp('18-OCT-17 06.22.05.261950000 AM','DD-MON-RR HH.MI.SSXFF AM'),null,to_timestamp('18-OCT-17 06.22.05.261950000 AM','DD-MON-RR HH.MI.SSXFF AM'),null,'A',null,null,308975);
Insert into ONEASSIST.OA_COMM_TEMPLATE (COMM_TEMP_ID,COMM_MODE,TEMPLATE_NAME,SUBJECT,TEMPLATE_TEXT,COMMENTS,SENDER_EMAILID,SENDER_EMAIL_SIGNATURE,SENDER_MOB_NO,MOBILE_MASK,CREATED_BY,CREATED_DATE,MODIFIED_BY,MODIFIED_DATE,SMS_TEMPLATE_TEXT,COMM_STATUS,SENDER_PROVIDER,TEMPLATE_PROVIDER,TEMPLATE_REF_ID) values (79,'sms','null','Inspection visit Details','Inspection visit Details',null,null,null,null,null,null,to_timestamp('18-OCT-17 06.25.45.284607000 AM','DD-MON-RR HH.MI.SSXFF AM'),null,to_timestamp('18-OCT-17 06.25.45.284607000 AM','DD-MON-RR HH.MI.SSXFF AM'),'Dear $!model.addresseeFullName, Please note the change in the expert for your inspection visit. 
Name: $!model.TechnicianName
Mobile: $!model.TechnicianMobile 
Regards,
Team OneAssist','A',null,null,null);
Insert into ONEASSIST.OA_COMM_TEMPLATE (COMM_TEMP_ID,COMM_MODE,TEMPLATE_NAME,SUBJECT,TEMPLATE_TEXT,COMMENTS,SENDER_EMAILID,SENDER_EMAIL_SIGNATURE,SENDER_MOB_NO,MOBILE_MASK,CREATED_BY,CREATED_DATE,MODIFIED_BY,MODIFIED_DATE,SMS_TEMPLATE_TEXT,COMM_STATUS,SENDER_PROVIDER,TEMPLATE_PROVIDER,TEMPLATE_REF_ID) values (80,'email','WHC Technician Assigned','Change in OneAssist Expert assigned for your inspection visit','WHC_2_Other_Technician_Assigned_For_Inspection.vm',null,null,null,null,null,null,to_timestamp('18-OCT-17 06.30.02.055024000 AM','DD-MON-RR HH.MI.SSXFF AM'),null,to_timestamp('18-OCT-17 06.30.02.055024000 AM','DD-MON-RR HH.MI.SSXFF AM'),null,'A',null,null,309181);
Insert into ONEASSIST.OA_COMM_TEMPLATE (COMM_TEMP_ID,COMM_MODE,TEMPLATE_NAME,SUBJECT,TEMPLATE_TEXT,COMMENTS,SENDER_EMAILID,SENDER_EMAIL_SIGNATURE,SENDER_MOB_NO,MOBILE_MASK,CREATED_BY,CREATED_DATE,MODIFIED_BY,MODIFIED_DATE,SMS_TEMPLATE_TEXT,COMM_STATUS,SENDER_PROVIDER,TEMPLATE_PROVIDER,TEMPLATE_REF_ID) values (81,'sms','null','Other Technician Assigned','Other Technician Assigned',null,null,null,null,null,null,to_timestamp('18-OCT-17 06.30.02.109321000 AM','DD-MON-RR HH.MI.SSXFF AM'),null,to_timestamp('18-OCT-17 06.30.02.109321000 AM','DD-MON-RR HH.MI.SSXFF AM'),'Dear $!model.addresseeFullName, Please note the change in the expert for your inspection visit. 
Name: $!model.TechnicianName
Mobile: $!model.TechnicianMobile 
Regards,
Team OneAssist','A',null,null,null);
Insert into ONEASSIST.OA_COMM_TEMPLATE (COMM_TEMP_ID,COMM_MODE,TEMPLATE_NAME,SUBJECT,TEMPLATE_TEXT,COMMENTS,SENDER_EMAILID,SENDER_EMAIL_SIGNATURE,SENDER_MOB_NO,MOBILE_MASK,CREATED_BY,CREATED_DATE,MODIFIED_BY,MODIFIED_DATE,SMS_TEMPLATE_TEXT,COMM_STATUS,SENDER_PROVIDER,TEMPLATE_PROVIDER,TEMPLATE_REF_ID) values (82,'email','WHC_Technician Cancelled',' Inspection for your OneAssist membership couldn''t be completed','WHC_3_Technician_Cancelled_For_Inspection.vm',null,null,null,null,null,null,to_timestamp('18-OCT-17 06.34.01.354752000 AM','DD-MON-RR HH.MI.SSXFF AM'),null,to_timestamp('18-OCT-17 06.34.01.354752000 AM','DD-MON-RR HH.MI.SSXFF AM'),null,'A',null,null,309275);
Insert into ONEASSIST.OA_COMM_TEMPLATE (COMM_TEMP_ID,COMM_MODE,TEMPLATE_NAME,SUBJECT,TEMPLATE_TEXT,COMMENTS,SENDER_EMAILID,SENDER_EMAIL_SIGNATURE,SENDER_MOB_NO,MOBILE_MASK,CREATED_BY,CREATED_DATE,MODIFIED_BY,MODIFIED_DATE,SMS_TEMPLATE_TEXT,COMM_STATUS,SENDER_PROVIDER,TEMPLATE_PROVIDER,TEMPLATE_REF_ID) values (83,'sms','null','Cancelled Technician for Inspection','Cancelled Technician for Inspection',null,null,null,null,null,null,to_timestamp('18-OCT-17 06.34.01.396520000 AM','DD-MON-RR HH.MI.SSXFF AM'),null,to_timestamp('18-OCT-17 06.34.01.396520000 AM','DD-MON-RR HH.MI.SSXFF AM'),'Dear $!model.addresseeFullName, $!model.TechnicianName not complete the inspection of your appliance because $!.model.workflowData.visit. To reschedule call us on 1800-123-3330.','A',null,null,null);
Insert into ONEASSIST.OA_COMM_TEMPLATE (COMM_TEMP_ID,COMM_MODE,TEMPLATE_NAME,SUBJECT,TEMPLATE_TEXT,COMMENTS,SENDER_EMAILID,SENDER_EMAIL_SIGNATURE,SENDER_MOB_NO,MOBILE_MASK,CREATED_BY,CREATED_DATE,MODIFIED_BY,MODIFIED_DATE,SMS_TEMPLATE_TEXT,COMM_STATUS,SENDER_PROVIDER,TEMPLATE_PROVIDER,TEMPLATE_REF_ID) values (84,'email','WHC_Plan cancelled ','Plan cancelled Inspection not scheduled','WHC_4_Customer_Not_Scheduled_Inspection.vm',null,null,null,null,null,null,to_timestamp('18-OCT-17 06.39.59.842054000 AM','DD-MON-RR HH.MI.SSXFF AM'),null,to_timestamp('18-OCT-17 06.39.59.842054000 AM','DD-MON-RR HH.MI.SSXFF AM'),null,'A',null,null,308958);
Insert into ONEASSIST.OA_COMM_TEMPLATE (COMM_TEMP_ID,COMM_MODE,TEMPLATE_NAME,SUBJECT,TEMPLATE_TEXT,COMMENTS,SENDER_EMAILID,SENDER_EMAIL_SIGNATURE,SENDER_MOB_NO,MOBILE_MASK,CREATED_BY,CREATED_DATE,MODIFIED_BY,MODIFIED_DATE,SMS_TEMPLATE_TEXT,COMM_STATUS,SENDER_PROVIDER,TEMPLATE_PROVIDER,TEMPLATE_REF_ID) values (85,'sms','null','WHC_Plan cancelled ','WHC_Plan cancelled',null,null,null,null,null,null,to_timestamp('18-OCT-17 06.39.59.883924000 AM','DD-MON-RR HH.MI.SSXFF AM'),null,to_timestamp('18-OCT-17 06.39.59.883924000 AM','DD-MON-RR HH.MI.SSXFF AM'),'Dear Customer, Your plan has been cancelled as you have not scheduled an inspection visit for activating your plan. Please call us on 1800-123-3330 for refund.','A',null,null,null);


Insert into ONEASSIST.OA_COMM_TEMPLATE (COMM_TEMP_ID,COMM_MODE,TEMPLATE_NAME,SUBJECT,TEMPLATE_TEXT,COMMENTS,SENDER_EMAILID,SENDER_EMAIL_SIGNATURE,SENDER_MOB_NO,MOBILE_MASK,CREATED_BY,CREATED_DATE,MODIFIED_BY,MODIFIED_DATE,SMS_TEMPLATE_TEXT,COMM_STATUS,SENDER_PROVIDER,TEMPLATE_PROVIDER,TEMPLATE_REF_ID) values (87,'email','WHC_Inspection scheduled','Inspection visit for your OneAssist plan (OTP: $!model.OTP)','WHC_Inspection_Successfully_Scheduled.vm','OneAssist Pvt Ltd','happytoassist@oneassist.in','oneassist',null,null,'admin@oneassist.in',to_timestamp('24-OCT-17 08.59.16.463000000 AM','DD-MON-RR HH.MI.SSXFF AM'),null,to_timestamp('24-OCT-17 09.02.30.970461000 AM','DD-MON-RR HH.MI.SSXFF AM'),null,'A',null,null,309238);
Insert into ONEASSIST.OA_COMM_TEMPLATE (COMM_TEMP_ID,COMM_MODE,TEMPLATE_NAME,SUBJECT,TEMPLATE_TEXT,COMMENTS,SENDER_EMAILID,SENDER_EMAIL_SIGNATURE,SENDER_MOB_NO,MOBILE_MASK,CREATED_BY,CREATED_DATE,MODIFIED_BY,MODIFIED_DATE,SMS_TEMPLATE_TEXT,COMM_STATUS,SENDER_PROVIDER,TEMPLATE_PROVIDER,TEMPLATE_REF_ID) values (88,'sms',null,'Inspection visit for your OneAssist plan','Inspection visit for your OneAssist plan',null,null,null,null,null,null,to_timestamp('24-OCT-17 09.06.41.612863000 AM','DD-MON-RR HH.MI.SSXFF AM'),null,to_timestamp('24-OCT-17 09.06.41.612863000 AM','DD-MON-RR HH.MI.SSXFF AM'),'Dear $!model.addresseeFullName,We have received your request for inspection visit at $dateUtil.format(''HH:mm'',$!model.inspectionTime) on $dateUtil.format(''dd-MM- yyyy'',$!model.inspectionDate). Your Start OTP is $!model.OTP and your End OTP is $!model.workflowData.repair.serviceEndCode. This OTP will be required for initiating the inspection. If you are not going to be available during the visit, please ensure that your family member who will be available during the visit has the OTP and knows the appliances you wish to cover. 
To reschedule please call on 18001233330.','A',null,null,null);




Insert into ONEASSIST.OA_COMM_CONFIG_DTL (COMM_CONFIG_ID,COMM_EVENT_ID,PARTNER_CODE,PARTNER_BU_CODE,PLAN_CODE,SMS_TEMPLATE_ID,EMAIL_TEMPLATE_ID,PN_TEMPLATE_ID,STATUS,CREATED_BY,CREATED_DATE,MODIFIED_BY,MODIFIED_DATE) values (25,25,null,null,null,79,78,null,'A',null,to_timestamp('18-OCT-17 09.57.20.023000000 AM','DD-MON-RR HH.MI.SSXFF AM'),null,to_timestamp('18-OCT-17 10.00.31.709594000 AM','DD-MON-RR HH.MI.SSXFF AM'));
Insert into ONEASSIST.OA_COMM_CONFIG_DTL (COMM_CONFIG_ID,COMM_EVENT_ID,PARTNER_CODE,PARTNER_BU_CODE,PLAN_CODE,SMS_TEMPLATE_ID,EMAIL_TEMPLATE_ID,PN_TEMPLATE_ID,STATUS,CREATED_BY,CREATED_DATE,MODIFIED_BY,MODIFIED_DATE) values (26,26,null,null,null,81,80,null,'A',null,to_timestamp('18-OCT-17 09.58.24.146000000 AM','DD-MON-RR HH.MI.SSXFF AM'),null,to_timestamp('18-OCT-17 10.00.31.761984000 AM','DD-MON-RR HH.MI.SSXFF AM'));
Insert into ONEASSIST.OA_COMM_CONFIG_DTL (COMM_CONFIG_ID,COMM_EVENT_ID,PARTNER_CODE,PARTNER_BU_CODE,PLAN_CODE,SMS_TEMPLATE_ID,EMAIL_TEMPLATE_ID,PN_TEMPLATE_ID,STATUS,CREATED_BY,CREATED_DATE,MODIFIED_BY,MODIFIED_DATE) values (27,27,null,null,null,83,82,null,'A',null,to_timestamp('18-OCT-17 09.59.24.412000000 AM','DD-MON-RR HH.MI.SSXFF AM'),null,to_timestamp('18-OCT-17 10.00.31.806913000 AM','DD-MON-RR HH.MI.SSXFF AM'));
Insert into ONEASSIST.OA_COMM_CONFIG_DTL (COMM_CONFIG_ID,COMM_EVENT_ID,PARTNER_CODE,PARTNER_BU_CODE,PLAN_CODE,SMS_TEMPLATE_ID,EMAIL_TEMPLATE_ID,PN_TEMPLATE_ID,STATUS,CREATED_BY,CREATED_DATE,MODIFIED_BY,MODIFIED_DATE) values (28,28,null,null,null,85,84,null,'A',null,to_timestamp('18-OCT-17 10.00.12.073000000 AM','DD-MON-RR HH.MI.SSXFF AM'),null,to_timestamp('18-OCT-17 10.00.31.853427000 AM','DD-MON-RR HH.MI.SSXFF AM'));
Insert into ONEASSIST.OA_COMM_CONFIG_DTL (COMM_CONFIG_ID,COMM_EVENT_ID,PARTNER_CODE,PARTNER_BU_CODE,PLAN_CODE,SMS_TEMPLATE_ID,EMAIL_TEMPLATE_ID,PN_TEMPLATE_ID,STATUS,CREATED_BY,CREATED_DATE,MODIFIED_BY,MODIFIED_DATE) values (29,29,null,null,null,88,87,null,'A',null,to_timestamp('26-OCT-17 05.46.15.062000000 AM','DD-MON-RR HH.MI.SSXFF AM'),null,to_timestamp('26-OCT-17 05.46.25.102000000 AM','DD-MON-RR HH.MI.SSXFF AM'));



--COMM_TEMPLATE entry for emails for EW
delete from OA_COMM_TEMPLATE where COMM_TEMP_ID >=901 and comm_temp_id <= 928;

INSERT INTO OA_COMM_TEMPLATE(COMM_TEMP_ID,  COMM_MODE, TEMPLATE_NAME, SUBJECT, TEMPLATE_TEXT,COMMENTS,SENDER_EMAILID, SENDER_EMAIL_SIGNATURE,   SENDER_MOB_NO,   MOBILE_MASK,    CREATED_BY, CREATED_DATE,    MODIFIED_BY,  MODIFIED_DATE,    SMS_TEMPLATE_TEXT,  COMM_STATUS,   SENDER_PROVIDER,  TEMPLATE_PROVIDER, TEMPLATE_REF_ID) VALUES ( 901, 'email', 'SP_CREATE_SR_SELF_SERVICE', 'SP_CREATE_SR_SELF_SERVICE', 'SP_CREATE_SR_SELF_SERVICE.vm', NULL, NULL, NULL, NULL, NULL, NULL, sysdate, NULL, sysdate, NULL, 'A', NULL, NULL, 309795);


INSERT INTO OA_COMM_TEMPLATE(COMM_TEMP_ID,  COMM_MODE, TEMPLATE_NAME, SUBJECT, TEMPLATE_TEXT,COMMENTS,SENDER_EMAILID, SENDER_EMAIL_SIGNATURE,   SENDER_MOB_NO,   MOBILE_MASK,    CREATED_BY, CREATED_DATE,    MODIFIED_BY,  MODIFIED_DATE,    SMS_TEMPLATE_TEXT,  COMM_STATUS,   SENDER_PROVIDER,  TEMPLATE_PROVIDER, TEMPLATE_REF_ID) VALUES ( 902, 'email', 'SP_CREATE_SR_FOR_VISIT', 'SP_CREATE_SR_FOR_VISIT', 'SP_CREATE_SR_FOR_VISIT.vm', NULL, NULL, NULL, NULL, NULL, NULL, sysdate, NULL, sysdate, NULL, 'A', NULL, NULL, 309796);


INSERT INTO OA_COMM_TEMPLATE(COMM_TEMP_ID,  COMM_MODE, TEMPLATE_NAME, SUBJECT, TEMPLATE_TEXT,COMMENTS,SENDER_EMAILID, SENDER_EMAIL_SIGNATURE,   SENDER_MOB_NO,   MOBILE_MASK,    CREATED_BY, CREATED_DATE,    MODIFIED_BY,  MODIFIED_DATE,    SMS_TEMPLATE_TEXT,  COMM_STATUS,   SENDER_PROVIDER,  TEMPLATE_PROVIDER, TEMPLATE_REF_ID) VALUES ( 903, 'email', 'SP_CREATE_SR_FOR_VERIFICATION', 'SP_CREATE_SR_FOR_VERIFICATION', 'SP_CREATE_SR_FOR_VERIFICATION.vm', NULL, NULL, NULL, NULL, NULL, NULL, sysdate, NULL, sysdate, NULL, 'A', NULL, NULL, 309856);


INSERT INTO OA_COMM_TEMPLATE(COMM_TEMP_ID,  COMM_MODE, TEMPLATE_NAME, SUBJECT, TEMPLATE_TEXT,COMMENTS,SENDER_EMAILID, SENDER_EMAIL_SIGNATURE,   SENDER_MOB_NO,   MOBILE_MASK,    CREATED_BY, CREATED_DATE,    MODIFIED_BY,  MODIFIED_DATE,    SMS_TEMPLATE_TEXT,  COMM_STATUS,   SENDER_PROVIDER,  TEMPLATE_PROVIDER, TEMPLATE_REF_ID) VALUES ( 904, 'email', 'SP_CREATE_SR', 'SP_CREATE_SR', 'SP_CREATE_SR.vm', NULL, NULL, NULL, NULL, NULL, NULL, sysdate, NULL, sysdate, NULL, 'A', NULL, NULL, 309855);


INSERT INTO OA_COMM_TEMPLATE(COMM_TEMP_ID,  COMM_MODE, TEMPLATE_NAME, SUBJECT, TEMPLATE_TEXT,COMMENTS,SENDER_EMAILID, SENDER_EMAIL_SIGNATURE,   SENDER_MOB_NO,   MOBILE_MASK,    CREATED_BY, CREATED_DATE,    MODIFIED_BY,  MODIFIED_DATE,    SMS_TEMPLATE_TEXT,  COMM_STATUS,   SENDER_PROVIDER,  TEMPLATE_PROVIDER, TEMPLATE_REF_ID) VALUES ( 905, 'email', 'SP_RAPAIR_ASSESSMENT_COMPLETED', 'SP_RAPAIR_ASSESSMENT_COMPLETED', 'SP_RAPAIR_ASSESSMENT_COMPLETED.vm', NULL, NULL, NULL, NULL, NULL, NULL, sysdate, NULL, sysdate, NULL, 'A', NULL, NULL, 309876);


INSERT INTO OA_COMM_TEMPLATE(COMM_TEMP_ID,  COMM_MODE, TEMPLATE_NAME, SUBJECT, TEMPLATE_TEXT,COMMENTS,SENDER_EMAILID, SENDER_EMAIL_SIGNATURE,   SENDER_MOB_NO,   MOBILE_MASK,    CREATED_BY, CREATED_DATE,    MODIFIED_BY,  MODIFIED_DATE,    SMS_TEMPLATE_TEXT,  COMM_STATUS,   SENDER_PROVIDER,  TEMPLATE_PROVIDER, TEMPLATE_REF_ID) VALUES ( 906, 'email', 'SP_IC_DECISION_BER', 'SP_IC_DECISION_BER', 'SP_IC_DECISION_BER.vm', NULL, NULL, NULL, NULL, NULL, NULL, sysdate, NULL, sysdate, NULL, 'A', NULL, NULL, 309857);


INSERT INTO OA_COMM_TEMPLATE(COMM_TEMP_ID,  COMM_MODE, TEMPLATE_NAME, SUBJECT, TEMPLATE_TEXT,COMMENTS,SENDER_EMAILID, SENDER_EMAIL_SIGNATURE,   SENDER_MOB_NO,   MOBILE_MASK,    CREATED_BY, CREATED_DATE,    MODIFIED_BY,  MODIFIED_DATE,    SMS_TEMPLATE_TEXT,  COMM_STATUS,   SENDER_PROVIDER,  TEMPLATE_PROVIDER, TEMPLATE_REF_ID) VALUES ( 907, 'email', 'SP_IC_DECISION_REJECTED', 'SP_IC_DECISION_REJECTED', 'SP_IC_DECISION_REJECTED.vm', NULL, NULL, NULL, NULL, NULL, NULL, sysdate, NULL, sysdate, NULL, 'A', NULL, NULL, 309819);


INSERT INTO OA_COMM_TEMPLATE(COMM_TEMP_ID,  COMM_MODE, TEMPLATE_NAME, SUBJECT, TEMPLATE_TEXT,COMMENTS,SENDER_EMAILID, SENDER_EMAIL_SIGNATURE,   SENDER_MOB_NO,   MOBILE_MASK,    CREATED_BY, CREATED_DATE,    MODIFIED_BY,  MODIFIED_DATE,    SMS_TEMPLATE_TEXT,  COMM_STATUS,   SENDER_PROVIDER,  TEMPLATE_PROVIDER, TEMPLATE_REF_ID) VALUES ( 908, 'email', 'SP_REPAIR_SUCCESSFUL', 'SP_REPAIR_SUCCESSFUL', 'SP_REPAIR_SUCCESSFUL.vm', NULL, NULL, NULL, NULL, NULL, NULL, sysdate, NULL, sysdate, NULL, 'A', NULL, NULL, 309875);

--COMM_TEMPLATE entry for SMSs
Insert into OA_COMM_TEMPLATE (COMM_TEMP_ID,COMM_MODE,TEMPLATE_NAME,SUBJECT,TEMPLATE_TEXT,COMMENTS,SENDER_EMAILID,SENDER_EMAIL_SIGNATURE,SENDER_MOB_NO,MOBILE_MASK,CREATED_BY,CREATED_DATE,MODIFIED_BY,MODIFIED_DATE,SMS_TEMPLATE_TEXT,COMM_STATUS,SENDER_PROVIDER,TEMPLATE_PROVIDER,TEMPLATE_REF_ID) values (909,'sms','SP_CREATE_SR_SELF_SERVICE','SP_CREATE_SR_SELF_SERVICE',null,'OneAssist Pvt Ltd',null,null,null,null,'admin@oneassist.in',sysdate,'admin@oneassist.in',sysdate,'Dear $!model.addresseeFullName, Your service request has been confirmed vide SR $!model.refPrimaryTrackingNo. As your area is beyond our service coverage, we will contact you shortly to assist-Team OneAssist','A',null,null,null);

Insert into OA_COMM_TEMPLATE (COMM_TEMP_ID,COMM_MODE,TEMPLATE_NAME,SUBJECT,TEMPLATE_TEXT,COMMENTS,SENDER_EMAILID,SENDER_EMAIL_SIGNATURE,SENDER_MOB_NO,MOBILE_MASK,CREATED_BY,CREATED_DATE,MODIFIED_BY,MODIFIED_DATE,SMS_TEMPLATE_TEXT,COMM_STATUS,SENDER_PROVIDER,TEMPLATE_PROVIDER,TEMPLATE_REF_ID) values (910,'sms','SP_CREATE_SR_FOR_VISIT','SP_CREATE_SR_FOR_VISIT',null,'OneAssist Pvt Ltd',null,null,null,null,'admin@oneassist.in',sysdate,'admin@oneassist.in',sysdate,'Dear $!model.addresseeFullName, Your service request has been confirmed vide SR $!model.refPrimaryTrackingNo for $dateUtil.format(''dd-MM-yyyy HH:mm'',$!model.scheduleSlotStartDate) . You will get the estimate approval shortly subject to plan terms n conditions-Team OneAssist','A',null,null,null);

Insert into OA_COMM_TEMPLATE (COMM_TEMP_ID,COMM_MODE,TEMPLATE_NAME,SUBJECT,TEMPLATE_TEXT,COMMENTS,SENDER_EMAILID,SENDER_EMAIL_SIGNATURE,SENDER_MOB_NO,MOBILE_MASK,CREATED_BY,CREATED_DATE,MODIFIED_BY,MODIFIED_DATE,SMS_TEMPLATE_TEXT,COMM_STATUS,SENDER_PROVIDER,TEMPLATE_PROVIDER,TEMPLATE_REF_ID) values (911,'sms','SP_CREATE_SR_FOR_VERIFICATION','SP_CREATE_SR_FOR_VERIFICATION',null,'OneAssist Pvt Ltd',null,null,null,null,'admin@oneassist.in',sysdate,'admin@oneassist.in',sysdate,'Dear $!model.addresseeFullName, Your documents has been sucessfully uploaded for SR $!model.refPrimaryTrackingNo. We will verify and revert shortly. TnC Apply-Team OneAssist','A',null,null,null);
Insert into OA_COMM_TEMPLATE (COMM_TEMP_ID,COMM_MODE,TEMPLATE_NAME,SUBJECT,TEMPLATE_TEXT,COMMENTS,SENDER_EMAILID,SENDER_EMAIL_SIGNATURE,SENDER_MOB_NO,MOBILE_MASK,CREATED_BY,CREATED_DATE,MODIFIED_BY,MODIFIED_DATE,SMS_TEMPLATE_TEXT,COMM_STATUS,SENDER_PROVIDER,TEMPLATE_PROVIDER,TEMPLATE_REF_ID) values (912,'sms','SP_CREATE_SR','SP_CREATE_SR',null,'OneAssist Pvt Ltd',null,null,null,null,'admin@oneassist.in',sysdate,'admin@oneassist.in',sysdate,'Dear $!model.addresseeFullName, Kindly upload documents for your SR $!model.refPrimaryTrackingNo.-Team OneAssist','A',null,null,null);
Insert into OA_COMM_TEMPLATE (COMM_TEMP_ID,COMM_MODE,TEMPLATE_NAME,SUBJECT,TEMPLATE_TEXT,COMMENTS,SENDER_EMAILID,SENDER_EMAIL_SIGNATURE,SENDER_MOB_NO,MOBILE_MASK,CREATED_BY,CREATED_DATE,MODIFIED_BY,MODIFIED_DATE,SMS_TEMPLATE_TEXT,COMM_STATUS,SENDER_PROVIDER,TEMPLATE_PROVIDER,TEMPLATE_REF_ID) values (913,'sms','SP_TECH_ASSIGNED','SP_TECH_ASSIGNED',null,'OneAssist Pvt Ltd',null,null,null,null,'admin@oneassist.in',sysdate,'admin@oneassist.in',sysdate,'Dear $!model.addresseeFullName, Technician $!model.TechnicianName mobile number $!model.TechnicianMobile has been assigned against SR $!model.refPrimaryTrackingNo as per your appointment schedule.-Team OneAssist','A',null,null,null);
Insert into OA_COMM_TEMPLATE (COMM_TEMP_ID,COMM_MODE,TEMPLATE_NAME,SUBJECT,TEMPLATE_TEXT,COMMENTS,SENDER_EMAILID,SENDER_EMAIL_SIGNATURE,SENDER_MOB_NO,MOBILE_MASK,CREATED_BY,CREATED_DATE,MODIFIED_BY,MODIFIED_DATE,SMS_TEMPLATE_TEXT,COMM_STATUS,SENDER_PROVIDER,TEMPLATE_PROVIDER,TEMPLATE_REF_ID) values (914,'sms','SP_RESCHEDULED_POST_TECH_ALLOCATION','SP_RESCHEDULED_POST_TECH_ALLOCATION',null,'OneAssist Pvt Ltd',null,null,null,null,'admin@oneassist.in',sysdate,'admin@oneassist.in',sysdate,'Dear $!model.addresseeFullName,SR $!model.refPrimaryTrackingNo has been re-scheduled by you for $dateUtil.format(''dd-MM-yyyy HH:mm'',$!model.scheduleSlotStartDate) . We shall get back to you with the Technician details shortly-Team OneAssist','A',null,null,null);
Insert into OA_COMM_TEMPLATE (COMM_TEMP_ID,COMM_MODE,TEMPLATE_NAME,SUBJECT,TEMPLATE_TEXT,COMMENTS,SENDER_EMAILID,SENDER_EMAIL_SIGNATURE,SENDER_MOB_NO,MOBILE_MASK,CREATED_BY,CREATED_DATE,MODIFIED_BY,MODIFIED_DATE,SMS_TEMPLATE_TEXT,COMM_STATUS,SENDER_PROVIDER,TEMPLATE_PROVIDER,TEMPLATE_REF_ID) values (915,'sms','SP_CUSTOMER_NOT_AVAILABLE','SP_CUSTOMER_NOT_AVAILABLE',null,'OneAssist Pvt Ltd',null,null,null,null,'admin@oneassist.in',sysdate,'admin@oneassist.in',sysdate,'Dear $!model.addresseeFullName,Our technician visited as per appointment but could not attend due to your non availability. Kindly logon to our OneAssist APP to reschedule your request or call us on 1800 123 3330-Team OneAssist','A',null,null,null);
Insert into OA_COMM_TEMPLATE (COMM_TEMP_ID,COMM_MODE,TEMPLATE_NAME,SUBJECT,TEMPLATE_TEXT,COMMENTS,SENDER_EMAILID,SENDER_EMAIL_SIGNATURE,SENDER_MOB_NO,MOBILE_MASK,CREATED_BY,CREATED_DATE,MODIFIED_BY,MODIFIED_DATE,SMS_TEMPLATE_TEXT,COMM_STATUS,SENDER_PROVIDER,TEMPLATE_PROVIDER,TEMPLATE_REF_ID) values (916,'sms','SP_TECH_UNABLE_TO_SERVICE','SP_TECH_UNABLE_TO_SERVICE',null,'OneAssist Pvt Ltd',null,null,null,null,'admin@oneassist.in',sysdate,'admin@oneassist.in',sysdate,'Dear $!model.addresseeFullName,Our technician visited as per appointment but could not attend due to $!model.workflowData.visit.serviceCancelReason.Kindly logon to our OneAssist APP to reschedule your request or call us on 1800 123 3330-Team OneAssist','A',null,null,null);
Insert into OA_COMM_TEMPLATE (COMM_TEMP_ID,COMM_MODE,TEMPLATE_NAME,SUBJECT,TEMPLATE_TEXT,COMMENTS,SENDER_EMAILID,SENDER_EMAIL_SIGNATURE,SENDER_MOB_NO,MOBILE_MASK,CREATED_BY,CREATED_DATE,MODIFIED_BY,MODIFIED_DATE,SMS_TEMPLATE_TEXT,COMM_STATUS,SENDER_PROVIDER,TEMPLATE_PROVIDER,TEMPLATE_REF_ID) values (917,'sms','SP_TECH_START_SERVICE','SP_TECH_START_SERVICE',null,'OneAssist Pvt Ltd',null,null,null,null,'admin@oneassist.in',sysdate,'admin@oneassist.in',sysdate,'Dear $!model.addresseeFullName,Your SR $!model.refPrimaryTrackingNo has been initiated-Team OneAssist','A',null,null,null);
Insert into OA_COMM_TEMPLATE (COMM_TEMP_ID,COMM_MODE,TEMPLATE_NAME,SUBJECT,TEMPLATE_TEXT,COMMENTS,SENDER_EMAILID,SENDER_EMAIL_SIGNATURE,SENDER_MOB_NO,MOBILE_MASK,CREATED_BY,CREATED_DATE,MODIFIED_BY,MODIFIED_DATE,SMS_TEMPLATE_TEXT,COMM_STATUS,SENDER_PROVIDER,TEMPLATE_PROVIDER,TEMPLATE_REF_ID) values (918,'sms','SP_SPARE_NOT_AVAILABLE','SP_SPARE_NOT_AVAILABLE',null,'OneAssist Pvt Ltd',null,null,null,null,'admin@oneassist.in',sysdate,'admin@oneassist.in',sysdate,'Dear $!model.addresseeFullName,Your service request is in progress. We shall do our best to complete your SR $!model.refPrimaryTrackingNo as per your satisfaction.Use our OneAssist App to get the SR update-Team OneAssist','A',null,null,null);
Insert into OA_COMM_TEMPLATE (COMM_TEMP_ID,COMM_MODE,TEMPLATE_NAME,SUBJECT,TEMPLATE_TEXT,COMMENTS,SENDER_EMAILID,SENDER_EMAIL_SIGNATURE,SENDER_MOB_NO,MOBILE_MASK,CREATED_BY,CREATED_DATE,MODIFIED_BY,MODIFIED_DATE,SMS_TEMPLATE_TEXT,COMM_STATUS,SENDER_PROVIDER,TEMPLATE_PROVIDER,TEMPLATE_REF_ID) values (919,'sms','SP_SPARE_AVAILABLE','SP_SPARE_AVAILABLE',null,'OneAssist Pvt Ltd',null,null,null,null,'admin@oneassist.in',sysdate,'admin@oneassist.in',sysdate,'Dear $!model.addresseeFullName,The spare part for your SR $!model.refPrimaryTrackingNo is now available. Kindly logon to our OneAssist APP to schedule appointment or call us on 1800 123 3330-Team OneAssist','A',null,null,null);
Insert into OA_COMM_TEMPLATE (COMM_TEMP_ID,COMM_MODE,TEMPLATE_NAME,SUBJECT,TEMPLATE_TEXT,COMMENTS,SENDER_EMAILID,SENDER_EMAIL_SIGNATURE,SENDER_MOB_NO,MOBILE_MASK,CREATED_BY,CREATED_DATE,MODIFIED_BY,MODIFIED_DATE,SMS_TEMPLATE_TEXT,COMM_STATUS,SENDER_PROVIDER,TEMPLATE_PROVIDER,TEMPLATE_REF_ID) values (920,'sms','SP_RAPAIR_ASSESSMENT_COMPLETED','SP_RAPAIR_ASSESSMENT_COMPLETED',null,'OneAssist Pvt Ltd',null,null,null,null,'admin@oneassist.in',sysdate,'admin@oneassist.in',sysdate,'Dear $!model.addresseeFullName,Thank you for availing OneAssist service. Amount payable against your SR $!model.refPrimaryTrackingNo is Rupees $!model.balanceCostToCusotmer .-Team OneAssist','A',null,null,null);
Insert into OA_COMM_TEMPLATE (COMM_TEMP_ID,COMM_MODE,TEMPLATE_NAME,SUBJECT,TEMPLATE_TEXT,COMMENTS,SENDER_EMAILID,SENDER_EMAIL_SIGNATURE,SENDER_MOB_NO,MOBILE_MASK,CREATED_BY,CREATED_DATE,MODIFIED_BY,MODIFIED_DATE,SMS_TEMPLATE_TEXT,COMM_STATUS,SENDER_PROVIDER,TEMPLATE_PROVIDER,TEMPLATE_REF_ID) values (921,'sms','SP_CUSTOMER_DENIED_PAYMENT','SP_CUSTOMER_DENIED_PAYMENT',null,'OneAssist Pvt Ltd',null,null,null,null,'admin@oneassist.in',sysdate,'admin@oneassist.in',sysdate,'Dear $!model.addresseeFullName,Your SR $!model.refPrimaryTrackingNo has been cancelled as you have not approved repair estimate.-Team OneAssist','A',null,null,null);
Insert into OA_COMM_TEMPLATE (COMM_TEMP_ID,COMM_MODE,TEMPLATE_NAME,SUBJECT,TEMPLATE_TEXT,COMMENTS,SENDER_EMAILID,SENDER_EMAIL_SIGNATURE,SENDER_MOB_NO,MOBILE_MASK,CREATED_BY,CREATED_DATE,MODIFIED_BY,MODIFIED_DATE,SMS_TEMPLATE_TEXT,COMM_STATUS,SENDER_PROVIDER,TEMPLATE_PROVIDER,TEMPLATE_REF_ID) values (922,'sms','SP_IC_DECISION_BER','SP_IC_DECISION_BER',null,'OneAssist Pvt Ltd',null,null,null,null,'admin@oneassist.in',sysdate,'admin@oneassist.in',sysdate,'Dear $!model.addresseeFullName,Your SR $!model.refPrimaryTrackingNo has been processed for REFUND considering the high repair cost.Kindly contact 1800 123 3330 for more clarifications-Team OneAssist','A',null,null,null);
Insert into OA_COMM_TEMPLATE (COMM_TEMP_ID,COMM_MODE,TEMPLATE_NAME,SUBJECT,TEMPLATE_TEXT,COMMENTS,SENDER_EMAILID,SENDER_EMAIL_SIGNATURE,SENDER_MOB_NO,MOBILE_MASK,CREATED_BY,CREATED_DATE,MODIFIED_BY,MODIFIED_DATE,SMS_TEMPLATE_TEXT,COMM_STATUS,SENDER_PROVIDER,TEMPLATE_PROVIDER,TEMPLATE_REF_ID) values (923,'sms','SP_IC_DECISION_REJECTED','SP_IC_DECISION_REJECTED',null,'OneAssist Pvt Ltd',null,null,null,null,'admin@oneassist.in',sysdate,'admin@oneassist.in',sysdate,'Dear $!model.addresseeFullName,Your claim for SR $!model.refPrimaryTrackingNo has been rejected. Kindly contact 1800 123 3330 for more clarifications-Team OneAssist','A',null,null,null);
Insert into OA_COMM_TEMPLATE (COMM_TEMP_ID,COMM_MODE,TEMPLATE_NAME,SUBJECT,TEMPLATE_TEXT,COMMENTS,SENDER_EMAILID,SENDER_EMAIL_SIGNATURE,SENDER_MOB_NO,MOBILE_MASK,CREATED_BY,CREATED_DATE,MODIFIED_BY,MODIFIED_DATE,SMS_TEMPLATE_TEXT,COMM_STATUS,SENDER_PROVIDER,TEMPLATE_PROVIDER,TEMPLATE_REF_ID) values (924,'sms','SP_REPAIR_SUCCESSFUL','SP_REPAIR_SUCCESSFUL',null,'OneAssist Pvt Ltd',null,null,null,null,'admin@oneassist.in',sysdate,'admin@oneassist.in',sysdate,'Dear $!model.addresseeFullName,Your product has been repaired successfully. We thank you for the opportunity to serve you. Please rate our services on OneAssist App or call us on call center 1800 123 3330.-Team OneAssist','A',null,null,null);
Insert into OA_COMM_TEMPLATE (COMM_TEMP_ID,COMM_MODE,TEMPLATE_NAME,SUBJECT,TEMPLATE_TEXT,COMMENTS,SENDER_EMAILID,SENDER_EMAIL_SIGNATURE,SENDER_MOB_NO,MOBILE_MASK,CREATED_BY,CREATED_DATE,MODIFIED_BY,MODIFIED_DATE,SMS_TEMPLATE_TEXT,COMM_STATUS,SENDER_PROVIDER,TEMPLATE_PROVIDER,TEMPLATE_REF_ID) values (925,'sms','SP_CUSTOMER_CAN_WAIT_FURTHER','SP_CUSTOMER_CAN_WAIT_FURTHER',null,'OneAssist Pvt Ltd',null,null,null,null,'admin@oneassist.in',sysdate,'admin@oneassist.in',sysdate,'Dear $!model.addresseeFullName,You have agreed to wait for your service to be completed. We shall do our best to complete in the next 7 working days.-Team OneAssist','A',null,null,null);
Insert into OA_COMM_TEMPLATE (COMM_TEMP_ID,COMM_MODE,TEMPLATE_NAME,SUBJECT,TEMPLATE_TEXT,COMMENTS,SENDER_EMAILID,SENDER_EMAIL_SIGNATURE,SENDER_MOB_NO,MOBILE_MASK,CREATED_BY,CREATED_DATE,MODIFIED_BY,MODIFIED_DATE,SMS_TEMPLATE_TEXT,COMM_STATUS,SENDER_PROVIDER,TEMPLATE_PROVIDER,TEMPLATE_REF_ID) values (926,'sms','SP_CUSTOMER_ASKS_REFUND','SP_CUSTOMER_ASKS_REFUND',null,'OneAssist Pvt Ltd',null,null,null,null,'admin@oneassist.in',sysdate,'admin@oneassist.in',sysdate,'Dear $!model.addresseeFullName,You have agreed to process for REFUND against SR $!model.refPrimaryTrackingNo . We shall confirm the REFUND amount to you shortly.TnC apply-Team OneAssist','A',null,null,null);
Insert into OA_COMM_TEMPLATE (COMM_TEMP_ID,COMM_MODE,TEMPLATE_NAME,SUBJECT,TEMPLATE_TEXT,COMMENTS,SENDER_EMAILID,SENDER_EMAIL_SIGNATURE,SENDER_MOB_NO,MOBILE_MASK,CREATED_BY,CREATED_DATE,MODIFIED_BY,MODIFIED_DATE,SMS_TEMPLATE_TEXT,COMM_STATUS,SENDER_PROVIDER,TEMPLATE_PROVIDER,TEMPLATE_REF_ID) values (927,'sms','SP_TRANSPORTATION_REQUIRED','SP_TRANSPORTATION_REQUIRED',null,'OneAssist Pvt Ltd',null,null,null,null,'admin@oneassist.in',sysdate,'admin@oneassist.in',sysdate,'Dear $!model.addresseeFullName,Your service request is in progress. We shall do our best to complete your SR $!model.refPrimaryTrackingNo before the promised days. Use our OneAssist App to get the SR updates.-Team OneAssist','A',null,null,null);
Insert into OA_COMM_TEMPLATE (COMM_TEMP_ID,COMM_MODE,TEMPLATE_NAME,SUBJECT,TEMPLATE_TEXT,COMMENTS,SENDER_EMAILID,SENDER_EMAIL_SIGNATURE,SENDER_MOB_NO,MOBILE_MASK,CREATED_BY,CREATED_DATE,MODIFIED_BY,MODIFIED_DATE,SMS_TEMPLATE_TEXT,COMM_STATUS,SENDER_PROVIDER,TEMPLATE_PROVIDER,TEMPLATE_REF_ID) values (928,'sms','SP_SR_OTP','SP_SR_OTP',null,'OneAssist Pvt Ltd',null,null,null,null,'admin@oneassist.in',sysdate,'admin@oneassist.in',sysdate,'Dear $!model.addresseeFullName,We thank you for the opportunity to serve you.Please share OTP to start/end repair for SR $!model.refPrimaryTrackingNo to technician. STARTOTP:$!model.workflowData.visit.serviceStartCode and ENDOTP:$!model.workflowData.repair.serviceEndCode Team OneAssist','A',null,null,null);





--COMM_EVENT_MST scripts
delete from oa_comm_config_dtl where COMM_CONFIG_ID >= 41 and COMM_CONFIG_ID <= 60;
delete from OA_COMM_EVENT_MST where COMM_EVENT_ID >= 41 and COMM_EVENT_ID <= 60;
Insert into OA_COMM_EVENT_MST (COMM_EVENT_ID,EVENT_CODE,EVENT_DESC,MODULE_NAME,PRIORITY,QUIET_TIME_FROM,QUIET_TIME_TO,STATUS,CREATED_BY,CREATED_DATE,MODIFIED_BY,MODIFIED_DATE) values (41,'SP_CREATE_SR_SELF_SERVICE','Service Request created for non-serviceable pincode','Service Platform','M',null,null,'A',null,sysdate,null,sysdate);

Insert into OA_COMM_EVENT_MST (COMM_EVENT_ID,EVENT_CODE,EVENT_DESC,MODULE_NAME,PRIORITY,QUIET_TIME_FROM,QUIET_TIME_TO,STATUS,CREATED_BY,CREATED_DATE,MODIFIED_BY,MODIFIED_DATE) values (42,'SP_CREATE_SR_FOR_VISIT','Service Request created and documents are verified','Service Platform','M',null,null,'A',null,sysdate,null,sysdate);

Insert into OA_COMM_EVENT_MST (COMM_EVENT_ID,EVENT_CODE,EVENT_DESC,MODULE_NAME,PRIORITY,QUIET_TIME_FROM,QUIET_TIME_TO,STATUS,CREATED_BY,CREATED_DATE,MODIFIED_BY,MODIFIED_DATE) values (43,'SP_CREATE_SR_FOR_VERIFICATION','Service Request created and documents are uploaded','Service Platform','M',null,null,'A',null,sysdate,null,sysdate);

Insert into OA_COMM_EVENT_MST (COMM_EVENT_ID,EVENT_CODE,EVENT_DESC,MODULE_NAME,PRIORITY,QUIET_TIME_FROM,QUIET_TIME_TO,STATUS,CREATED_BY,CREATED_DATE,MODIFIED_BY,MODIFIED_DATE) values (44,'SP_CREATE_SR','Service Request created','Service Platform','M',null,null,'A',null,sysdate,null,sysdate);

Insert into OA_COMM_EVENT_MST (COMM_EVENT_ID,EVENT_CODE,EVENT_DESC,MODULE_NAME,PRIORITY,QUIET_TIME_FROM,QUIET_TIME_TO,STATUS,CREATED_BY,CREATED_DATE,MODIFIED_BY,MODIFIED_DATE) values (45,'SP_TECH_ASSIGNED','Technician assigned','Service Platform','M',null,null,'A',null,sysdate,null,sysdate);

Insert into OA_COMM_EVENT_MST (COMM_EVENT_ID,EVENT_CODE,EVENT_DESC,MODULE_NAME,PRIORITY,QUIET_TIME_FROM,QUIET_TIME_TO,STATUS,CREATED_BY,CREATED_DATE,MODIFIED_BY,MODIFIED_DATE) values (46,'SP_RESCHEDULED_POST_TECH_ALLOCATION','SR rescheduled post technician allocation','Service Platform','M',null,null,'A',null,sysdate,null,sysdate);

Insert into OA_COMM_EVENT_MST (COMM_EVENT_ID,EVENT_CODE,EVENT_DESC,MODULE_NAME,PRIORITY,QUIET_TIME_FROM,QUIET_TIME_TO,STATUS,CREATED_BY,CREATED_DATE,MODIFIED_BY,MODIFIED_DATE) values (47,'SP_CUSTOMER_NOT_AVAILABLE','Customer not available','Service Platform','M',null,null,'A',null,sysdate,null,sysdate);

Insert into OA_COMM_EVENT_MST (COMM_EVENT_ID,EVENT_CODE,EVENT_DESC,MODULE_NAME,PRIORITY,QUIET_TIME_FROM,QUIET_TIME_TO,STATUS,CREATED_BY,CREATED_DATE,MODIFIED_BY,MODIFIED_DATE) values (48,'SP_TECH_UNABLE_TO_SERVICE','Technician unable to service','Service Platform','M',null,null,'A',null,sysdate,null,sysdate);

Insert into OA_COMM_EVENT_MST (COMM_EVENT_ID,EVENT_CODE,EVENT_DESC,MODULE_NAME,PRIORITY,QUIET_TIME_FROM,QUIET_TIME_TO,STATUS,CREATED_BY,CREATED_DATE,MODIFIED_BY,MODIFIED_DATE) values (49,'SP_TECH_START_SERVICE','Technician starts service','Service Platform','M',null,null,'A',null,sysdate,null,sysdate);


Insert into OA_COMM_EVENT_MST (COMM_EVENT_ID,EVENT_CODE,EVENT_DESC,MODULE_NAME,PRIORITY,QUIET_TIME_FROM,QUIET_TIME_TO,STATUS,CREATED_BY,CREATED_DATE,MODIFIED_BY,MODIFIED_DATE) values (50,'SP_SPARE_NOT_AVAILABLE','Spare parts not available','Service Platform','M',null,null,'A',null,sysdate,null,sysdate);

Insert into OA_COMM_EVENT_MST (COMM_EVENT_ID,EVENT_CODE,EVENT_DESC,MODULE_NAME,PRIORITY,QUIET_TIME_FROM,QUIET_TIME_TO,STATUS,CREATED_BY,CREATED_DATE,MODIFIED_BY,MODIFIED_DATE) values (51,'SP_SPARE_AVAILABLE','Spare parts available','Service Platform','M',null,null,'A',null,sysdate,null,sysdate);


Insert into OA_COMM_EVENT_MST (COMM_EVENT_ID,EVENT_CODE,EVENT_DESC,MODULE_NAME,PRIORITY,QUIET_TIME_FROM,QUIET_TIME_TO,STATUS,CREATED_BY,CREATED_DATE,MODIFIED_BY,MODIFIED_DATE) values (52,'SP_RAPAIR_ASSESSMENT_COMPLETED','Repair assessment is completed','Service Platform','M',null,null,'A',null,sysdate,null,sysdate);

Insert into OA_COMM_EVENT_MST (COMM_EVENT_ID,EVENT_CODE,EVENT_DESC,MODULE_NAME,PRIORITY,QUIET_TIME_FROM,QUIET_TIME_TO,STATUS,CREATED_BY,CREATED_DATE,MODIFIED_BY,MODIFIED_DATE) values (53,'SP_CUSTOMER_DENIED_PAYMENT','Completed when customer is not agreed pay.','Service Platform','M',null,null,'A',null,sysdate,null,sysdate);


Insert into OA_COMM_EVENT_MST (COMM_EVENT_ID,EVENT_CODE,EVENT_DESC,MODULE_NAME,PRIORITY,QUIET_TIME_FROM,QUIET_TIME_TO,STATUS,CREATED_BY,CREATED_DATE,MODIFIED_BY,MODIFIED_DATE) values (54,'SP_IC_DECISION_BER','IC Decision is BER.','Service Platform','M',null,null,'A',null,sysdate,null,sysdate);


Insert into OA_COMM_EVENT_MST (COMM_EVENT_ID,EVENT_CODE,EVENT_DESC,MODULE_NAME,PRIORITY,QUIET_TIME_FROM,QUIET_TIME_TO,STATUS,CREATED_BY,CREATED_DATE,MODIFIED_BY,MODIFIED_DATE) values (55,'SP_IC_DECISION_REJECTED','IC Decision is rejected.','Service Platform','M',null,null,'A',null,sysdate,null,sysdate);


Insert into OA_COMM_EVENT_MST (COMM_EVENT_ID,EVENT_CODE,EVENT_DESC,MODULE_NAME,PRIORITY,QUIET_TIME_FROM,QUIET_TIME_TO,STATUS,CREATED_BY,CREATED_DATE,MODIFIED_BY,MODIFIED_DATE) values (56,'SP_REPAIR_SUCCESSFUL','Repair completed successfully.','Service Platform','M',null,null,'A',null,sysdate,null,sysdate);


Insert into OA_COMM_EVENT_MST (COMM_EVENT_ID,EVENT_CODE,EVENT_DESC,MODULE_NAME,PRIORITY,QUIET_TIME_FROM,QUIET_TIME_TO,STATUS,CREATED_BY,CREATED_DATE,MODIFIED_BY,MODIFIED_DATE) values (57,'SP_CUSTOMER_CAN_WAIT_FURTHER','Customer agreed to wait further for service.','Service Platform','M',null,null,'A',null,sysdate,null,sysdate);

Insert into OA_COMM_EVENT_MST (COMM_EVENT_ID,EVENT_CODE,EVENT_DESC,MODULE_NAME,PRIORITY,QUIET_TIME_FROM,QUIET_TIME_TO,STATUS,CREATED_BY,CREATED_DATE,MODIFIED_BY,MODIFIED_DATE) values (58,'SP_CUSTOMER_ASKS_REFUND','Customer asks for refund.','Service Platform','M',null,null,'A',null,sysdate,null,sysdate);


Insert into OA_COMM_EVENT_MST (COMM_EVENT_ID,EVENT_CODE,EVENT_DESC,MODULE_NAME,PRIORITY,QUIET_TIME_FROM,QUIET_TIME_TO,STATUS,CREATED_BY,CREATED_DATE,MODIFIED_BY,MODIFIED_DATE) values (59,'SP_TRANSPORTATION_REQUIRED','Transportation required.','Service Platform','M',null,null,'A',null,sysdate,null,sysdate);


Insert into OA_COMM_EVENT_MST (COMM_EVENT_ID,EVENT_CODE,EVENT_DESC,MODULE_NAME,PRIORITY,QUIET_TIME_FROM,QUIET_TIME_TO,STATUS,CREATED_BY,CREATED_DATE,MODIFIED_BY,MODIFIED_DATE) values (60,'SP_SR_OTP','OTP.','Service Platform','M',null,null,'A',null,sysdate,null,sysdate);



---Script for OA_COMM_CONFIG_DTL

Insert into OA_COMM_CONFIG_DTL (COMM_CONFIG_ID,COMM_EVENT_ID,PARTNER_CODE,PARTNER_BU_CODE,PLAN_CODE,SMS_TEMPLATE_ID,EMAIL_TEMPLATE_ID,PN_TEMPLATE_ID,STATUS,CREATED_BY,CREATED_DATE,MODIFIED_BY,MODIFIED_DATE) values (41,41,null,null,null,909,901,null,'A',null,sysdate,null,sysdate);

Insert into OA_COMM_CONFIG_DTL (COMM_CONFIG_ID,COMM_EVENT_ID,PARTNER_CODE,PARTNER_BU_CODE,PLAN_CODE,SMS_TEMPLATE_ID,EMAIL_TEMPLATE_ID,PN_TEMPLATE_ID,STATUS,CREATED_BY,CREATED_DATE,MODIFIED_BY,MODIFIED_DATE) values (42,42,null,null,null,910,902,null,'A',null,sysdate,null,sysdate);

Insert into OA_COMM_CONFIG_DTL (COMM_CONFIG_ID,COMM_EVENT_ID,PARTNER_CODE,PARTNER_BU_CODE,PLAN_CODE,SMS_TEMPLATE_ID,EMAIL_TEMPLATE_ID,PN_TEMPLATE_ID,STATUS,CREATED_BY,CREATED_DATE,MODIFIED_BY,MODIFIED_DATE) values (43,43,null,null,null,911,903,null,'A',null,sysdate,null,sysdate);

Insert into OA_COMM_CONFIG_DTL (COMM_CONFIG_ID,COMM_EVENT_ID,PARTNER_CODE,PARTNER_BU_CODE,PLAN_CODE,SMS_TEMPLATE_ID,EMAIL_TEMPLATE_ID,PN_TEMPLATE_ID,STATUS,CREATED_BY,CREATED_DATE,MODIFIED_BY,MODIFIED_DATE) values (44,44,null,null,null,912,904,null,'A',null,sysdate,null,sysdate);

Insert into OA_COMM_CONFIG_DTL (COMM_CONFIG_ID,COMM_EVENT_ID,PARTNER_CODE,PARTNER_BU_CODE,PLAN_CODE,SMS_TEMPLATE_ID,EMAIL_TEMPLATE_ID,PN_TEMPLATE_ID,STATUS,CREATED_BY,CREATED_DATE,MODIFIED_BY,MODIFIED_DATE) values (45,45,null,null,null,913,null,null,'A',null,sysdate,null,sysdate);

Insert into OA_COMM_CONFIG_DTL (COMM_CONFIG_ID,COMM_EVENT_ID,PARTNER_CODE,PARTNER_BU_CODE,PLAN_CODE,SMS_TEMPLATE_ID,EMAIL_TEMPLATE_ID,PN_TEMPLATE_ID,STATUS,CREATED_BY,CREATED_DATE,MODIFIED_BY,MODIFIED_DATE) values (46,46,null,null,null,914, null,null,'A',null,sysdate,null,sysdate);


Insert into OA_COMM_CONFIG_DTL (COMM_CONFIG_ID,COMM_EVENT_ID,PARTNER_CODE,PARTNER_BU_CODE,PLAN_CODE,SMS_TEMPLATE_ID,EMAIL_TEMPLATE_ID,PN_TEMPLATE_ID,STATUS,CREATED_BY,CREATED_DATE,MODIFIED_BY,MODIFIED_DATE) values (47,47,null,null,null,915,null,null,'A',null,sysdate,null,sysdate);


Insert into OA_COMM_CONFIG_DTL (COMM_CONFIG_ID,COMM_EVENT_ID,PARTNER_CODE,PARTNER_BU_CODE,PLAN_CODE,SMS_TEMPLATE_ID,EMAIL_TEMPLATE_ID,PN_TEMPLATE_ID,STATUS,CREATED_BY,CREATED_DATE,MODIFIED_BY,MODIFIED_DATE) values (48,48,null,null,null,916,null,null,'A',null,sysdate,null,sysdate);


Insert into OA_COMM_CONFIG_DTL (COMM_CONFIG_ID,COMM_EVENT_ID,PARTNER_CODE,PARTNER_BU_CODE,PLAN_CODE,SMS_TEMPLATE_ID,EMAIL_TEMPLATE_ID,PN_TEMPLATE_ID,STATUS,CREATED_BY,CREATED_DATE,MODIFIED_BY,MODIFIED_DATE) values (49,49,null,null,null,917,null,null,'A',null,sysdate,null,sysdate);


Insert into OA_COMM_CONFIG_DTL (COMM_CONFIG_ID,COMM_EVENT_ID,PARTNER_CODE,PARTNER_BU_CODE,PLAN_CODE,SMS_TEMPLATE_ID,EMAIL_TEMPLATE_ID,PN_TEMPLATE_ID,STATUS,CREATED_BY,CREATED_DATE,MODIFIED_BY,MODIFIED_DATE) values (50,50,null,null,null,918,null,null,'A',null,sysdate,null,sysdate);

Insert into OA_COMM_CONFIG_DTL (COMM_CONFIG_ID,COMM_EVENT_ID,PARTNER_CODE,PARTNER_BU_CODE,PLAN_CODE,SMS_TEMPLATE_ID,EMAIL_TEMPLATE_ID,PN_TEMPLATE_ID,STATUS,CREATED_BY,CREATED_DATE,MODIFIED_BY,MODIFIED_DATE) values (51,51,null,null,null,919,null,null,'A',null,sysdate,null,sysdate);

Insert into OA_COMM_CONFIG_DTL (COMM_CONFIG_ID,COMM_EVENT_ID,PARTNER_CODE,PARTNER_BU_CODE,PLAN_CODE,SMS_TEMPLATE_ID,EMAIL_TEMPLATE_ID,PN_TEMPLATE_ID,STATUS,CREATED_BY,CREATED_DATE,MODIFIED_BY,MODIFIED_DATE) values (52,52,null,null,null,920,905,null,'A',null,sysdate,null,sysdate);

Insert into OA_COMM_CONFIG_DTL (COMM_CONFIG_ID,COMM_EVENT_ID,PARTNER_CODE,PARTNER_BU_CODE,PLAN_CODE,SMS_TEMPLATE_ID,EMAIL_TEMPLATE_ID,PN_TEMPLATE_ID,STATUS,CREATED_BY,CREATED_DATE,MODIFIED_BY,MODIFIED_DATE) values (53,53,null,null,null,921,null,null,'A',null,sysdate,null,sysdate);

Insert into OA_COMM_CONFIG_DTL (COMM_CONFIG_ID,COMM_EVENT_ID,PARTNER_CODE,PARTNER_BU_CODE,PLAN_CODE,SMS_TEMPLATE_ID,EMAIL_TEMPLATE_ID,PN_TEMPLATE_ID,STATUS,CREATED_BY,CREATED_DATE,MODIFIED_BY,MODIFIED_DATE) values (54,54,null,null,null,922,906,null,'A',null,sysdate,null,sysdate);

Insert into OA_COMM_CONFIG_DTL (COMM_CONFIG_ID,COMM_EVENT_ID,PARTNER_CODE,PARTNER_BU_CODE,PLAN_CODE,SMS_TEMPLATE_ID,EMAIL_TEMPLATE_ID,PN_TEMPLATE_ID,STATUS,CREATED_BY,CREATED_DATE,MODIFIED_BY,MODIFIED_DATE) values (55,55,null,null,null,923,907,null,'A',null,sysdate,null,sysdate);

Insert into OA_COMM_CONFIG_DTL (COMM_CONFIG_ID,COMM_EVENT_ID,PARTNER_CODE,PARTNER_BU_CODE,PLAN_CODE,SMS_TEMPLATE_ID,EMAIL_TEMPLATE_ID,PN_TEMPLATE_ID,STATUS,CREATED_BY,CREATED_DATE,MODIFIED_BY,MODIFIED_DATE) values (56,56,null,null,null,924,908,null,'A',null,sysdate,null,sysdate);

Insert into OA_COMM_CONFIG_DTL (COMM_CONFIG_ID,COMM_EVENT_ID,PARTNER_CODE,PARTNER_BU_CODE,PLAN_CODE,SMS_TEMPLATE_ID,EMAIL_TEMPLATE_ID,PN_TEMPLATE_ID,STATUS,CREATED_BY,CREATED_DATE,MODIFIED_BY,MODIFIED_DATE) values (57,57,null,null,null,925,null,null,'A',null,sysdate,null,sysdate);

Insert into OA_COMM_CONFIG_DTL (COMM_CONFIG_ID,COMM_EVENT_ID,PARTNER_CODE,PARTNER_BU_CODE,PLAN_CODE,SMS_TEMPLATE_ID,EMAIL_TEMPLATE_ID,PN_TEMPLATE_ID,STATUS,CREATED_BY,CREATED_DATE,MODIFIED_BY,MODIFIED_DATE) values (58,58,null,null,null,926,null,null,'A',null,sysdate,null,sysdate);

Insert into OA_COMM_CONFIG_DTL (COMM_CONFIG_ID,COMM_EVENT_ID,PARTNER_CODE,PARTNER_BU_CODE,PLAN_CODE,SMS_TEMPLATE_ID,EMAIL_TEMPLATE_ID,PN_TEMPLATE_ID,STATUS,CREATED_BY,CREATED_DATE,MODIFIED_BY,MODIFIED_DATE) values (59,59,null,null,null,927,null,null,'A',null,sysdate,null,sysdate);

Insert into OA_COMM_CONFIG_DTL (COMM_CONFIG_ID,COMM_EVENT_ID,PARTNER_CODE,PARTNER_BU_CODE,PLAN_CODE,SMS_TEMPLATE_ID,EMAIL_TEMPLATE_ID,PN_TEMPLATE_ID,STATUS,CREATED_BY,CREATED_DATE,MODIFIED_BY,MODIFIED_DATE) values (60,60,null,null,null,928,null,null,'A',null,sysdate,null,sysdate);


COMMIT;